stratum,n_immigrants,n_natives,n_total,effect,se,p_value,ci_lower,ci_upper,significant,formatted,outcome_r2,treatment_accuracy
High_Income_Western,38061,3059349,3097410,0.596883251599596,0.07153922675623947,7.2218095454424e-17,0.45666883409313,0.737097669106062,True,0.5969*** (0.0715),0.2589185143403585,0.9878433917369673
MENA_Africa,30503,3059349,3089852,-0.5924522637026504,0.09909713074732095,2.2524980695805786e-09,-0.7866792231050108,-0.39822530430028985,True,-0.5925*** (0.0991),0.2592135638248716,0.994522067723632
Latin_America,242996,3059349,3302345,-1.233116392192921,0.043987898913301855,7.054287259856277e-173,-1.319331153016943,-1.1469016313688989,True,-1.2331*** (0.0440),0.2649825791706629,0.9704373799716929
Developing_Asia,98704,3059349,3158053,-1.2684959420344173,0.0928073506110328,1.5843323019906016e-42,-1.4503951461632043,-1.0865967379056303,True,-1.2685*** (0.0928),0.2617958490758915,0.9921698615666483
Upper_Middle_Europe,56977,3059349,3116326,-0.5700052175111299,0.062224701662265756,5.174925285923548e-20,-0.6919634864539472,-0.4480469485683125,True,-0.5700*** (0.0622),0.25785312883367106,0.9842654459129115
High_Income_Asia,51484,3059349,3110833,-0.8715597367895548,0.10610726719167941,2.1419084272310005e-16,-1.0795263208148866,-0.6635931527642229,True,-0.8716*** (0.1061),0.2596635819154156,0.9938839552351556
